n,e,t,w,o,r,k,I,d
f,i,r,m,w,a,r,e
n,a,m,e
t,a,g,s
u,r,l
l,n,g
l,a,n,I,p
m,a,c
n,o,t,e,s
p,r,o,d,u,c,t,T,y,p,e
a,d,d,r,e,s,s
l,a,t
s,e,r,i,a,l
m,o,d,e,l
c,o,n,f,i,g,u,r,a,t,i,o,n,U,p,d,a,t,e,d,A,t
n,e,t,w,o,r,k,I,d
f,i,r,m,w,a,r,e
n,a,m,e
t,a,g,s
u,r,l
l,n,g
l,a,n,I,p
m,a,c
n,o,t,e,s
p,r,o,d,u,c,t,T,y,p,e
a,d,d,r,e,s,s
l,a,t
s,e,r,i,a,l
m,o,d,e,l
c,o,n,f,i,g,u,r,a,t,i,o,n,U,p,d,a,t,e,d,A,t
n,e,t,w,o,r,k,I,d
f,i,r,m,w,a,r,e
n,a,m,e
t,a,g,s
u,r,l
l,n,g
l,a,n,I,p
m,a,c
n,o,t,e,s
p,r,o,d,u,c,t,T,y,p,e
a,d,d,r,e,s,s
l,a,t
s,e,r,i,a,l
m,o,d,e,l
c,o,n,f,i,g,u,r,a,t,i,o,n,U,p,d,a,t,e,d,A,t
n,e,t,w,o,r,k,I,d
f,i,r,m,w,a,r,e
n,a,m,e
t,a,g,s
u,r,l
l,n,g
l,a,n,I,p
m,a,c
n,o,t,e,s
p,r,o,d,u,c,t,T,y,p,e
a,d,d,r,e,s,s
l,a,t
s,e,r,i,a,l
m,o,d,e,l
c,o,n,f,i,g,u,r,a,t,i,o,n,U,p,d,a,t,e,d,A,t
n,e,t,w,o,r,k,I,d
f,i,r,m,w,a,r,e
n,a,m,e
t,a,g,s
u,r,l
l,n,g
l,a,n,I,p
m,a,c
n,o,t,e,s
p,r,o,d,u,c,t,T,y,p,e
a,d,d,r,e,s,s
l,a,t
s,e,r,i,a,l
m,o,d,e,l
c,o,n,f,i,g,u,r,a,t,i,o,n,U,p,d,a,t,e,d,A,t
n,e,t,w,o,r,k,I,d
f,i,r,m,w,a,r,e
n,a,m,e
t,a,g,s
u,r,l
l,n,g
l,a,n,I,p
m,a,c
n,o,t,e,s
p,r,o,d,u,c,t,T,y,p,e
a,d,d,r,e,s,s
l,a,t
s,e,r,i,a,l
m,o,d,e,l
c,o,n,f,i,g,u,r,a,t,i,o,n,U,p,d,a,t,e,d,A,t
n,e,t,w,o,r,k,I,d
f,i,r,m,w,a,r,e
n,a,m,e
t,a,g,s
u,r,l
l,n,g
l,a,n,I,p
m,a,c
n,o,t,e,s
p,r,o,d,u,c,t,T,y,p,e
a,d,d,r,e,s,s
l,a,t
s,e,r,i,a,l
m,o,d,e,l
c,o,n,f,i,g,u,r,a,t,i,o,n,U,p,d,a,t,e,d,A,t
n,e,t,w,o,r,k,I,d
f,i,r,m,w,a,r,e
n,a,m,e
t,a,g,s
u,r,l
l,n,g
l,a,n,I,p
m,a,c
n,o,t,e,s
p,r,o,d,u,c,t,T,y,p,e
a,d,d,r,e,s,s
l,a,t
s,e,r,i,a,l
m,o,d,e,l
c,o,n,f,i,g,u,r,a,t,i,o,n,U,p,d,a,t,e,d,A,t
n,e,t,w,o,r,k,I,d
f,i,r,m,w,a,r,e
n,a,m,e
t,a,g,s
u,r,l
l,n,g
l,a,n,I,p
m,a,c
n,o,t,e,s
p,r,o,d,u,c,t,T,y,p,e
a,d,d,r,e,s,s
l,a,t
s,e,r,i,a,l
m,o,d,e,l
c,o,n,f,i,g,u,r,a,t,i,o,n,U,p,d,a,t,e,d,A,t
n,e,t,w,o,r,k,I,d
f,i,r,m,w,a,r,e
n,a,m,e
t,a,g,s
u,r,l
l,n,g
l,a,n,I,p
m,a,c
n,o,t,e,s
p,r,o,d,u,c,t,T,y,p,e
a,d,d,r,e,s,s
l,a,t
s,e,r,i,a,l
m,o,d,e,l
c,o,n,f,i,g,u,r,a,t,i,o,n,U,p,d,a,t,e,d,A,t
n,e,t,w,o,r,k,I,d
f,i,r,m,w,a,r,e
n,a,m,e
t,a,g,s
u,r,l
l,n,g
l,a,n,I,p
m,a,c
n,o,t,e,s
p,r,o,d,u,c,t,T,y,p,e
a,d,d,r,e,s,s
l,a,t
s,e,r,i,a,l
m,o,d,e,l
c,o,n,f,i,g,u,r,a,t,i,o,n,U,p,d,a,t,e,d,A,t
n,e,t,w,o,r,k,I,d
f,i,r,m,w,a,r,e
n,a,m,e
t,a,g,s
u,r,l
l,n,g
l,a,n,I,p
m,a,c
n,o,t,e,s
p,r,o,d,u,c,t,T,y,p,e
a,d,d,r,e,s,s
l,a,t
s,e,r,i,a,l
m,o,d,e,l
c,o,n,f,i,g,u,r,a,t,i,o,n,U,p,d,a,t,e,d,A,t
n,e,t,w,o,r,k,I,d
f,i,r,m,w,a,r,e
n,a,m,e
t,a,g,s
u,r,l
l,n,g
l,a,n,I,p
m,a,c
n,o,t,e,s
p,r,o,d,u,c,t,T,y,p,e
a,d,d,r,e,s,s
l,a,t
s,e,r,i,a,l
m,o,d,e,l
c,o,n,f,i,g,u,r,a,t,i,o,n,U,p,d,a,t,e,d,A,t
n,e,t,w,o,r,k,I,d
f,i,r,m,w,a,r,e
n,a,m,e
t,a,g,s
u,r,l
l,n,g
l,a,n,I,p
m,a,c
n,o,t,e,s
p,r,o,d,u,c,t,T,y,p,e
a,d,d,r,e,s,s
l,a,t
s,e,r,i,a,l
m,o,d,e,l
c,o,n,f,i,g,u,r,a,t,i,o,n,U,p,d,a,t,e,d,A,t
n,e,t,w,o,r,k,I,d
f,i,r,m,w,a,r,e
n,a,m,e
t,a,g,s
u,r,l
l,n,g
l,a,n,I,p
m,a,c
n,o,t,e,s
p,r,o,d,u,c,t,T,y,p,e
a,d,d,r,e,s,s
l,a,t
s,e,r,i,a,l
m,o,d,e,l
c,o,n,f,i,g,u,r,a,t,i,o,n,U,p,d,a,t,e,d,A,t
